Signatura,Denominació comercial,Municipi,Adreça de l'establiment,Nombre de vehicles,Nom explotador(s),NIF/CIF explotador(s)
RC/1,AUTOS MAR AZUL,CALVIÀ,"Carrer PEGUERA, 49 local 12. 07160 Peguera, CALVIÀ, Mallorca",50,AUTOS MAR AZUL SL,B57096927
RC/2,BLAURENT,PALMA,"Carrer LLAUT, 22 pis BAIXOS. 07610 Can Pastilla, PALMA, Mallorca",44,JAIMA ARENAL SL,B07872849
RC/3,AUTOS SEMA,CALVIÀ,"Passeig ILLETAS, 32. 07181 Cas Català-Illetes, CALVIÀ, Mallorca",24,JUAN BAUTISTA MASSANET BARCELO,*********
RC/4,QUALITY RENT,INCA,"Carrer DELS SABATERS, 111. 07300 INCA, Mallorca",82,QUALITY RENT SL,B07945587
RC/5,ROSSLIND,CALVIÀ,"Carrer PUIG DES TEIX, 6 local 1. 07180 Santa Ponça, CALVIÀ, Mallorca",67,ROSSLIND SANTA PONSA SL,B07154636
RC/6,AUTOS SA CALA,CAPDEPERA,"Avinguda provensals, 1. 07589 Font De La Cala, CAPDEPERA, Mallorca",32,Mº ANTONIA SUREDA NEGRE,*********
RC/7,SERVIAUTO,PALMA,"Carrer MARBELLA, 43. 07610 PALMA, Mallorca",54,SERVIAUTO,B07726425
RC/8,BELMIAUTOS,PALMA,"Carrer LLIBANYA, 10 pis BAIXOS. 07600 Arenal (L'), PALMA, Mallorca",6,MIGUEL ANGEL  GOMILA LOPEZ,*********
RC/9,AUTOS BONSAI,CALVIÀ,"Carrer atalaya, 1. 07160 Peguera, CALVIÀ, Mallorca",34,AUTOS BONSAI SL,B07693864
RC/10,RENT A BIKE,PALMA,"Avinguda JOAN MIRO, 330 pis BAIXOS porta D. 07015 PALMA, Mallorca",37,JOSE LUIS PONS PICO,*********
RC/11,SERVICIO LUCKY,PALMA,"Carrer Oliver, 20. 07014 PALMA, Mallorca",42,LUCIANO VAQUER ALORDA,*********
RC/12,AUTOS VICENS,ALCÚDIA,"Avinguda PERE MAS I REUS, 34 local 2. 07400 ALCÚDIA, Mallorca",12,TERESA VICENS VIVES,*********
RC/13,AUTOS BARCELO,FELANITX,"Carrer CALA MARSAL, 18. 07670 Portocolom, FELANITX, Mallorca",3,"AUTOS BARCELO RENT A CAR, SL",B07811037
RC/14,BOSCH RENT A CAR,MARRATXÍ,"Carrer LICORERS, 2 pis BAIXO. 07141 MARRATXÍ, Mallorca",58,BOSCH RENT A CAR CB,E57846198
RC/15,XOROI CARS,ARTÀ,"Carrer MAJOR, 28 local 3. 07579 Colònia De Sant Pere, ARTÀ, Mallorca",53,XOROI CARDS SL,B07421043
RC/16,TRAVITGO,PALMA,"Carrer FRANCESC VALLDUVI, 3. 07011 Polígon Industrial De Can Valero, PALMA, Mallorca",22,TRAVITGO SLU,B57704900
RC/17,AUTOS MALLORCA,PALMA,"Carrer MARBELLA, 53. 07610 Arenal (L'), PALMA, Mallorca",69,POLICOTXE SL,B57115792
RC/18,TRIP CARS,SANT LLORENÇ DES CARDASSAR,"Avinguda SA COMA, 24 lletra A-B. 07560 Cala Millor, SANT LLORENÇ DES CARDASSAR, Mallorca",140,TRIP CARS SL,B07567886
RC/19,STARCAR RENTAL,PALMA,"Carrer MARBELLA, 61. 07610 Arenal (L'), PALMA, Mallorca",35,STARCAR RENTAL PLAYA DE PALMA SL,B57702268
RC/20,FERNANDO CARO (FC),CALVIÀ,"Avinguda NOTARIO ALEMANY, 30. 07181 Magaluf, CALVIÀ, Mallorca",196,FERNANDO CARO SL,B57119349
RC/21,SOL&MAR,PALMA,"Carrer MARBELLA, 20 local 92. 07610 Arenal (L'), PALMA, Mallorca",108,ANTONIO RIDAO CARRION,*********
RC/22,LIFE CARS,CAPDEPERA,"Carrer SANT ANDREU, 95. 07590 Cala Rajada, CAPDEPERA, Mallorca",52,FENAGAS SL,B57059966
RC/23,HIPER RENT A CAR,PALMA,"Camí de CAN PASTILLA, 41. 07610 Can Pastilla, PALMA, Mallorca",2056,HIPER RENT A CAR,A07132046
RC/24,VIMA RENT A CAR,SANTANYÍ,"Carrer LA MARINA, 25. 07659 Cala Figuera, SANTANYÍ, Mallorca",267,VIMA RENT A CAR SL,B07657620
RC/25,AUTO MURADA,MANACOR,"Carrer COMUNITAT VALENCIANA, 311. 07688 Cala Murada, MANACOR, Mallorca",37,AUTO MURADA SL,B07567480
RC/26,BORDOY VIDAL,SANTA MARGALIDA,"Carrer HERNAN CORTES, 7. 07458 Can Picafort, SANTA MARGALIDA, Mallorca",32,RENT A CAR BORDOY VIDAL SL,B07636889
RC/27,LAS MARAVILLAS,PALMA,"Plaça DELS NINS, 16. 07600 PALMA, Mallorca",52,LAS MARAVILLAS AUTOVERMIETUNG SL,B07779986
RC/28,ROYAL RENT,PALMA,"Camí CAN PASTILLA, 110. 07610 PALMA, Mallorca",242,ROYAL RENT SA,A07151681
RC/29,FORMENTOR,POLLENÇA,"Passeig SARALEGUI, 106. 07470 Port De Pollença, POLLENÇA, Mallorca",225,MOTOS FORMENTOR SL,B07229966
RC/30,AUTHOMAR,PALMA,"Avinguda SON RIGO, 25. 07610 PALMA, Mallorca",54,POCKET RENT A CAR SL,B57069619
RC/31,PROTUCARS,SANT LLORENÇ DES CARDASSAR,"Avinguda SA COMA, 14. 07560 Cala Millor, SANT LLORENÇ DES CARDASSAR, Mallorca",100,PROTURCARS,B57247595
RC/32,"AUTO TRANSPORTE TURÍSTICO ESPAÑOL(ATESA)                    (ENTERPRISE, NATIONAL,ALAMO)",PALMA,"Avinguda GABRIEL ROCA, s/n. 07014 PALMA, Mallorca",3463,Autotransporte Turístico Español SA,A28047884
RC/33,HERTZ//DOLLAR,MANACOR,"Carrer ferrers, 1. 07500 MANACOR, Mallorca",5814,HERTZ,B07554769
RC/34,ANY TRAVEL,CALVIÀ,"Carrer JAIME I, 86. 07180 Santa Ponça, CALVIÀ, Mallorca",16,ANY TRAVEL SA,A07249923
RC/35,AUTOS RIGO,SANTANYÍ,"Avinguda BIENVENIDOS, 54. 07660 Cala D'Or, SANTANYÍ, Mallorca",35,AUTOS RIGO SA,A07437106
RC/36,DRIVALIA,PALMA,"Carrer CANAL DE SANT JORDI, 9-13. 07610 PALMA, Mallorca",727,DRIVALIA CAR RENTAL SL,B54509971
RC/37,CLICK&RENT,PALMA,"Carrer CAMP FRANC, 27. 07199 Can Pastilla, PALMA, Mallorca",2537,CLICK&RENT SL,B57696031
RC/38,AUTOS NIFERS,PALMA,"Carrer BALANDRE, 2 local 7. 07610 PALMA, Mallorca",20,AUTOS NIFERS SL,B07789647
RC/39,RENT AUTO L'AGULLA,CAPDEPERA,"Carrer DE L'AGULLA, 116. 07590 Cala Rajada, CAPDEPERA, Mallorca",21,RENT AUTO L'AGULLA,B57874067
RC/40,AVIS BUDGET,PALMA,"Carretera  llucmajor Saranjasa Km. 9,9, 9,9. 07610 PALMA, Mallorca",1713,AVIS ALQUILE UN COCHE SAU,A28152767
RC/41,AUTOS ALCINA,PALMA,"Avinguda INGENIERO GABRIEL ROCA, 16. 07014 PALMA, Mallorca",23,BERNARDO MUNAR VALLESPIR,*********
RC/42,CARPAY,ALCÚDIA,"Avinguda PEDRO MAS I REUS, 2. 07400 ALCÚDIA, Mallorca",38,CAR PAYERAS SL,B07413800
RC/43,AUTOS CARPAY,SANTA MARGALIDA,"Passeig COLON, 149. 07458 Can Picafort, SANTA MARGALIDA, Mallorca",5,AUTOS CAR PAY SL,B07698848
RC/44,RECORD GO,PALMA,"Zona AEROPUERTO SON SANT JOAN, S/N. 07611 Son Sant Joan, PALMA, Mallorca",5224,RECORD GO ALQUILER VACACIONAL SAU,A12584470
RC/45,AVANCE,CALVIÀ,"Carrer Benito Feijoo, 2 local 9. 07181 Portals Nous, CALVIÀ, Mallorca",85,AVANCE RENT A CAR SL,B07327380
RC/46,AUTOS RIERA,CALVIÀ,"Carrer SIRENAS, 36-38. 07184 Cala Vinyes, CALVIÀ, Mallorca",111,AUTOS RIERA SL,B07554009
RC/47,AUTOS CANYAMEL,CAPDEPERA,"Via  de las cuevas, s/n. 07589 Canyamel, CAPDEPERA, Mallorca",54,AUTOS CANYAMEL SL,B07762875
RC/48,BALEAR CAR,PALMA,"Carrer GRAN VIA ASIMA, 13. 07009 PALMA, Mallorca",77,BALEAR CAR SA,A07411226
RC/49,CENTAURO,PALMA,"Camí SON FANGOS (SOM OMS PARCELA 2Y 3), 147. 07199 Can Pastilla, PALMA, Mallorca",2513,CENTAURO RENT A CAR SL,B03965506
RC/50,AUTOS CASTELLO,PALMA,"Carrer BERENGUER DE TORNAMIRA, 7 pis BAIX. 07012 PALMA, Mallorca",37,TOMEUETEN SL,B57466906
RC/51,SALESCA,MURO,"Avinguda ALBUFERA. DE S', 57B. 07458 MURO, Mallorca",150,SALESCA SL,B07077019
RC/52,EUROPCAR / INTERRENT,PALMA,"Carretera AEROPUERTO SON SANT JOAN, S/N. 07611 Son Sant Joan, PALMA, Mallorca",6138,EUROPCAR IB SA,A28364412
RC/53,AVIS,SANTANYÍ,"Avinguda BIENVENIDOS, 74. 07660 Cala D'Or, SANTANYÍ, Mallorca",40,AUTOS MALLORCA D'OR SL,B07708142
RC/54,ISCAR,CALVIÀ,"Carretera PALMA A ANDRATX, 32. 07181 CALVIÀ, Mallorca",97,ISCAR RENT A CAR SL,B57651721
RC/55,CONSTRUAUTO,LLUCMAJOR,"Avinguda SON NOGUERA, 5 lletra D. 07620 LLUCMAJOR, Mallorca",89,"CONSTRUAUTO, S.L.",B57308702
RC/56,IBERAUTO,PALMA,"Passeig INGENIERO GABRIEL ROCA, 13. 07014 PALMA, Mallorca",59,INTER BALEAR ESPAÑOLA RENTAL AUTO SL,B07560162
RC/57,TRANSFER RENT,PALMA,"Camí CAN PASTILLA, 74. 07610 Can Pastilla, PALMA, Mallorca",75,MARASON SL,B57167710
RC/58,ROIG RENT A CAR-HASSO,SANTANYÍ,"Avinguda BIENVENIDOS, 64. 07660 Cala D'Or, SANTANYÍ, Mallorca",1509,AUTOS D'OR RENT A CAR SLU,B07697022
RC/59,AUTOS LAGOON,ALCÚDIA,"Avinguda PEDRO MAS Y REUS, 18. 07400 ALCÚDIA, Mallorca",200,MOTORCAR LAGOON SL,B07323363
RC/60,AUTOS COLONIA,SES SALINES,"Avinguda MARQUES DE PALMER, 8. 07638 Colònia De Sant Jordi, SES SALINES, Mallorca",143,AUTOS COLONIA SL,B07287030
RC/61,COCHES FABIOLA,ALCÚDIA,"Avinguda D'INCA, 42. 07400 ALCÚDIA, Mallorca",158,COCHES FABIOLA ALQUILER SL,B07031651
RC/62,OK,PALMA,"Camí SON FANGOS esquina CAN CALAFAT POL.SON OMS, S/N lletra SON OMS. 07610 Can Pastilla, PALMA, Mallorca",2510,OTHMAN KTIRI RENT A CAR SLU,B57334757
RC/63,MULTIAUTO PALMA,PALMA,"Carrer GREMI SABATERS, 12. 07009 PALMA, Mallorca",54,MULTIAUTO PALMA SL,B57226102
RC/64,SIXT,PALMA,"Carrer CANAL DE SANT JORDI-POL SON OMS, 29 local 2. 07610 Can Pastilla, PALMA, Mallorca",3366,SIXT RENT A CAR SLU,B07947591
RC/65,COCHES REUS,PALMA,"Carrer CESAR, 8. 07610 Can Pastilla, PALMA, Mallorca",170,COCHES REUS,B07613847
RC/66,EUROMAX MALLORCA,PALMA,"Carrer GREMI SABATERS, 34 lletra 4. 07009 PALMA, Mallorca",35,EUROMAX MALLORCA SL,B57297475
RC/67,AUTO CLICK,PALMA,"Carrer CALÇAT, 6 pis 3 porta IZQ. 07011 PALMA, Mallorca",226,AUTO CLICK SA,A57870933
RC/68,AUTOMOTOJG,SANT LLORENÇ DES CARDASSAR,"Avinguda CRISTOBAL COLON, 51. 07560 Cala Millor, SANT LLORENÇ DES CARDASSAR, Mallorca",162,AUTOMOTOJG SL,B07763071
RC/69,GOLDCAR,PALMA,"Carretera AEROPUERTO -TERMINAL, S/N. 07071 Son Sant Joan, PALMA, Mallorca",4149,GOLDCAR SPAIN SLU,B03403169
RC/70,ANSAB,LLUCMAJOR,"Avinguda CARTAGO, 51 local BAIXA. 07600 Arenal (L'), LLUCMAJOR, Mallorca",96,ANSAB RENT A CAR SL,B07952740
RC/71,LOW COST,PALMA,"Carrer CARAVEL·LA, 14 local 7-8. 07610 Can Pastilla, PALMA, Mallorca",37,LOW COST,B57736928
RC/72,RENT A CAR BENNASAR,FELANITX,"Carrer CAMPOS, 33-35. 07200 FELANITX, Mallorca",100,RENT A CAR BENNASAR SL,B07452089
RC/73,RICKY'S CARS,LLUCMAJOR,"Carrer RANDA, 9 lletra C. 07609 LLUCMAJOR, Mallorca",24,RICKY'S CARS SL,B07901382
RC/74,SOL,POLLENÇA,"Carrer ROSER VELL, 135. 07460 POLLENÇA, Mallorca",34,RENT A CAR SOL SL,B07330541
RC/75,BALEAR DE ECO-RECAMBIOS,MANACOR,"Passeig FERROCARRIL, 28. 07500 MANACOR, Mallorca",51,BALEAR DE ECO-RECAMBIOS SL,B57279713
RC/76,RENT AUTO MOTO,SANTANYÍ,"Carrer ESPALMADOR, 28. 07660 Cala D'Or, SANTANYÍ, Mallorca",90,RENT AUTO MOTO SLU,B07167406
RC/77,BOHEMI 40,PALMA,"Carrer LLAUT, 57. 07600 Arenal (L'), PALMA, Mallorca",25,BOHEMI 40 SL,B07711450
RC/78,VIVES CARS,POLLENÇA,"Carrer PICAPEDRER SOLAR B11-POL.INDUSTRIAL, 11. 07460 POLLENÇA, Mallorca",85,"THE BEST VILLAS POLLENSA, S.L.",B57310815
RC/79,KURT,MANACOR,"Carrer CARROTJA, 43. 07680 Portocristo, MANACOR, Mallorca",79,KURT RENT A CAR SL,B07642747
RC/80,NIZAR,MURO,"Carrer CRECER, 5 lletra C. 07458 Platja De Muro, MURO, Mallorca",29,AUTOMOVILES DE ALQUILER NIZAR SL,B07657117
RC/81,WORLD CAR RENTALS,SÓLLER,"Plaça CONSTITUCION, 8 pis 1 porta B. 07100 SÓLLER, Mallorca",20,"WORLD TOURNAMENT OF CHAMPIONS, SL",B07709884
RC/82,AMACKIA TRAVEL,PALMA,"Camí SO FANGOS, 100. 07007 PALMA, Mallorca",1,AMACKIA TRAVEL SL,B57899395
RC/83,LAZY BUS,MANACOR,"Camí DE SON FANGOS POL.24 PARC.560, 24. 07500 MANACOR, Mallorca",5,ALEXANDER BOCKS,*********
RC/84,STAR,PALMA,"Carrer GEORGES BERNANOS, 17. 07015 PALMA, Mallorca",37,JAN GEICK,*********
RC/85,AUTOS ROQUERO,CALVIÀ,"Avinguda Peguera, 30 local 9. 07160 Peguera, CALVIÀ, Mallorca",44,FERNANDO ROQUERO CB,E57671521
RC/86,MARKUS ROPERTZ,LLUCMAJOR,"Carrer NO TE LOCAL COMERCIAL-SOLO ON LINE, 0. 07609 Torre (La), LLUCMAJOR, Mallorca",8,Markus ropertz,*********
RC/87,LLASER,SÓLLER,"Passeig ES TRAVÉS, 1. 07108 Port (El), SÓLLER, Mallorca",24,LLASER RENT A CAR SL,B07711849
RC/88,B.SERRA,SÓLLER,"Passeig ES TRAVÉS, 26. 07108 Port (El), SÓLLER, Mallorca",23,BERTOLOME SERRA RIBAS,*********
RC/89,ARASH,CALVIÀ,"Carretera Andratx Km. 10, 10 local 16-6. 07181 Portals Nous, CALVIÀ, Mallorca",91,RENT A CAR ARASH SL,B07696628
RC/90,MINICAR MALLORCA,CALVIÀ,"Carrer SON BUGADELLES, 4. 07180 Santa Ponça, CALVIÀ, Mallorca",22,MINICAR MALLORCA SL,B57831216
RC/91,ALFA JET,SÓLLER,"Passeig ES TRAVÉS, 25. 07108 Port (El), SÓLLER, Mallorca",19,ALFA JET RENT A CAR SA,A07217391
RC/92,AUTOS VERGER,SES SALINES,"Carrer PRIMAVERA, 28. 07638 Colònia De Sant Jordi, SES SALINES, Mallorca",41,GABYROBER SL,B57824237
RC/93,AUTOS PEPE,CALVIÀ,"Carrer EUCALIPTUS, 1. 07160 Peguera, CALVIÀ, Mallorca",83,AUTOS PEPE DEL MORAL SL,B07881659
RC/94,AUTOS CUSTODIA,CALVIÀ,"Avinguda Peguera, 29. 07160 Peguera, CALVIÀ, Mallorca",44,Antonio Palmer Rojas,*********
RC/95,WHEELIES,CALVIÀ,"Avinguda S'OLIVERA, 11 local 8. 07182 Magaluf, CALVIÀ, Mallorca",35,WHEELIES RENT A CAR SL,B07579493
RC/96,J.M. TUGORES FEBRER,MURO,"Avinguda DE S'ALBUFERA, 25 local 1. 07458 MURO, Mallorca",8,Jose Miguel Tugores Febrer,*********
RC/97,PLANETA,MANACOR,"Carretera CALAS DE MALLORCA-CC CASA PILA, 5. 07689 Cales De Mallorca, MANACOR, Mallorca",49,PLANETA RENT A CAR SL,B57265928
RC/98,EB-CARS,CALVIÀ,"Carrer Alacant-pol.Son Bugadellas, 62 local 10. 07180 Santa Ponça, CALVIÀ, Mallorca",32,EXCLUSIVE BALEARIC CARS SL,B57741738
RC/99,AUTOS PAGUERA,CALVIÀ,"Avinguda PEGUERA, 61. 07160 Peguera, CALVIÀ, Mallorca",41,AUTOS PAGUERA DGM 2012 SL,B57776718
RC/100,AUTOS BALEARS,CALVIÀ,"Carrer EUCALIPTUS, 9. 07160 Peguera, CALVIÀ, Mallorca",92,MAHCIU SL,B07283732
RC/101,REN HAMS,MANACOR,"Carretera Manacor-Porto Cristo Km. 10, 10. 07680 Portocristo, MANACOR, Mallorca",17,RENT HAMS SL,B07151780
RC/102,AUTOS MAGALLUF,CALVIÀ,"Carrer S'Olivera, 16. 07181 Magaluf, CALVIÀ, Mallorca",44,COLIN MILBURN SL,B57338162
RC/103,DRIVER CALA MILLOR,SANT LLORENÇ DES CARDASSAR,"Carrer Bonanza, 4. 07560 Cala Millor, SANT LLORENÇ DES CARDASSAR, Mallorca",100,DRIVER CALA MILLOR SL,B57655995
RC/104,GAELIC,CALVIÀ,"Carrer Ramon de Moncada, 20 local 1. 07180 Santa Ponça, CALVIÀ, Mallorca",50,GAELIC RENT A CAR SL,B57643801
RC/105,SUREDA MAS,CAPDEPERA,"Via de les Coves, 52. 07589 Canyamel, CAPDEPERA, Mallorca",30,FRANCISCO SUREDA SANCHO,*********
RC/106,DIMCAR,PALMA,"Carrer Sant Ramon Nonat, 7 porta baixos. 07610 Can Pastilla, PALMA, Mallorca",13,DIMCAR MALLORCA SL,B57568545
RC/107,FALCO RENT,CALVIÀ,"Carrer Duc de Extremera, 7. 07181 Palmanova, CALVIÀ, Mallorca",18,FALCO RENT SL,B07225071
RC/108,AUTOVERMIENTUNG LEOCAR,PALMA,"Carrer Gran Via, , 5 local 55. 07610 Can Pastilla, PALMA, Mallorca",71,AUTOVERMIETUNG LEOCAR SL,B07722143
RC/109,TORRENOVA,CALVIÀ,"Avinguda Pedro Vaquer , 8 local 11. 07181 Magaluf, CALVIÀ, Mallorca",130,TORRENOVA RENT A CAR SL,B57051823
RC/110,ECUS,CALVIÀ,"Avinguda Pedro Vaquer, 12 local 1. 07181 Magaluf, CALVIÀ, Mallorca",23,ECUS RENT A CAR SL,B07716079
RC/111,MEDITERRANEO,SANT LLORENÇ DES CARDASSAR,"Avinguda Las Savinas, 172. 07560 Coma (La), SANT LLORENÇ DES CARDASSAR, Mallorca",7,AUTOVERMIETUNG MEDITERRANEO SL,B07652183
RC/112,SUN&FUN,PALMA,"Camí Son Mossons, s/n. 07611 PALMA, Mallorca",83,SUN&FUN RENT A CAR SL,B57483448
RC/113,TERRY'S,PALMA,"Carrer BELLAMAR, 8. 07610 PALMA, Mallorca",60,TERRY'S RENT A CAR SL,B57904518
RC/114,RENT A BIKE SA COMA,SANT LLORENÇ DES CARDASSAR,"Avinguda Ses Savines, 140. 07560 Coma (La), SANT LLORENÇ DES CARDASSAR, Mallorca",10,MATEO VITRI SL,B07280571
RC/116,RENT ME STELMAKH MALLORCA,CALVIÀ,"Carrer Gran Via puig de Gaalatzo, 16 local O. 07180 Santa Ponça, CALVIÀ, Mallorca",22,RENT ME STELMAKH MALLORCA SL,B57878894
RC/117,AUTOS ARBONA,ALCÚDIA,"Avinguda de la Marina, 13 porta baixo. 07400 ALCÚDIA, Mallorca",15,Francisco Arbona Servera,*********
RC/118,AUTOS CANO,PALMA,"Carrer Bellamar, 20 local 12. 07610 Can Pastilla, PALMA, Mallorca",33,AUTOS CANO RENT A CAR SL,B07860463
RC/119,CAN PASTILLA,PALMA,"Carretera Can Pastilla, 112. 07610 Can Pastilla, PALMA, Mallorca",10,Juan Antonio Verdera Ferrer,*********
RC/120,BELMAR,CALVIÀ,"Passeig Illetes, 12 porta A local 1. 07181 Cas Català-Illetes, CALVIÀ, Mallorca",19,BELMAR RENT A CAR SL,B57536526
RC/121,AUTOS KING,CALVIÀ,"Avinguda Paguera, 34. 07184 Peguera, CALVIÀ, Mallorca",43,AUTOS KING PAGUERA SL,B57747214
RC/122,ESTEBAN ORTEGA FANALS,PALMA,"Camí Son Prunes, 19. 07198 Son Ferriol, PALMA, Mallorca",1,Esteban Ortega  Fanals,*********
RC/123,MECANICOLOR,INCA,"Carrer Justicia, 14. 07300 INCA, Mallorca",8,MECANICOLOR INCA SL,B57950842
RC/124,AUTOSOMEGA,CALVIÀ,"Carrer Gran Via Puig del Teix, 6. 07180 Santa Ponça, CALVIÀ, Mallorca",35,Autos Omega Rent a Car SA,A07283161
RC/125,ANSE,PALMA,"Avinguda Gabriel Roca, 9. 07014 PALMA, Mallorca",46,Anse 2004 SL,B57247462
RC/126,CHOTRA,PALMA,"Avinguda de America, 4 porta baixos. 07600 Arenal (L'), PALMA, Mallorca",21,Chotra SL,B57841629
RC/127,VIGOSA,PALMA,"Avinguda Gabriel ROca, 12. 07014 PALMA, Mallorca",50,Vigosa Balear SL,B07859051
RC/128,LOW COST,PALMA,"Avinguda Gabriel Roca, 9,11 i 12. 07014 PALMA, Mallorca",0,Low COst Palma SL,B57949117
RC/129,VANRELL,ALCÚDIA,"Carrer Pins, 22 pis 1 porta A. 07400 ALCÚDIA, Mallorca",450,GRUP VANRELL MOREY SL,B07697121
RC/130,INTERNACIONAL SMILEY CARS SL,CALVIÀ,"Carrer Delfin, 3 local 2. 07160 Peguera, CALVIÀ, Mallorca",20,Internacional Smiley Cars SL,B07873086
RC/131,TRENC,CAMPOS,"Carrer Antelmo Obrador, s/n. 07630 CAMPOS, Mallorca",5,Juan Artigues SL,B07241078
RC/132,VISION RENT&TOURS,LLUCMAJOR,"Avinguda Europa, 5. 07600 Arenal (L'), LLUCMAJOR, Mallorca",61,Vision Car 2000 SLU,B07974710
RC/133,RENT A BIKE VESKA,PALMA,"Carrer Pollacra, 6. 07610 Can Pastilla, PALMA, Mallorca",6,Veska Dimitrova Kabadaeva,*********
RC/134,CAROLINA Mª ISAZA ARTEAGA,ALCÚDIA,"Avinguda Mexico, 16. 07400 ALCÚDIA, Mallorca",20,Carolina Isaza Arteaga,*********
RC/135,BEACH AND CARS,ALCÚDIA,"Carretera Artà, 3. 07400 ALCÚDIA, Mallorca",49,Rent a Car Beach and Cars SL,B57809204
RC/136,SUMMER,SANTA MARGALIDA,"Carrer Via Diagonal, 12. 07458 Can Picafort, SANTA MARGALIDA, Mallorca",20,Summer Rent a car SL,B16503351
RC/137,NATALY AUTOS,CALVIÀ,"Carrer -, -. 07181 CALVIÀ, Mallorca",9,Nataly Ustinova,*********
RC/138,AUTOS DE LA GALA BLAS,ANDRATX,"Avinguda Gabriel Covas Alemany, 2 local 2. 07160 Camp De Mar, ANDRATX, Mallorca",20,Autos de la Gala Blas SL,B57011355
RC/139,TRIP CARS VINTAGE,SANT LLORENÇ DES CARDASSAR,"Avinguda SA COma, 24 lletra A_B. 07560 Cala Millor, SANT LLORENÇ DES CARDASSAR, Mallorca",10,Trip Scooter SL,B57715666
RC/140,VANYOU MALLORCA,PALMA,"Carrer Morei, 12 pis 2 porta 1. 07007 PALMA, Mallorca",3,Serendipia Balears SL,B16510125
RC/141,EXCLUSIVE,FELANITX,"Carrer Marina, 3. 07670 Portocolom, FELANITX, Mallorca",14,BERNARDO JAIME VENY TAULER,*********
RC/142,MESTRAL AUTO RENT,FELANITX,"Carrer desl Pescador, 17. 07670 Portocolom, FELANITX, Mallorca",10,Mestral Auto Rent SL,B16525438
RC/143,SAN SIRO,PALMA,"Carrer Canyes, 19 porta baixos. 07610 Can Pastilla, PALMA, Mallorca",22,Autos San SIro SL,B57545436
RC/144,BCD EASY CARS,PALMA,"Plaça Serralta, 14 lletra A porta 4 local 1. 07013 PALMA, Mallorca",7,BCD EASY CARS Sociedad Civil,J16531386
RC/145,SUNCARS,MANACOR,"Carrer Son Moro, 57. 07689 Cala Anguila-Cala Mendia, MANACOR, Mallorca",60,NOVASUN MALLORCA SLU,B57727703
RC/146,BDV TRANDING MALLORCA,CALVIÀ,"Avinguda de la Playa, 12. 07180 Palmanova, CALVIÀ, Mallorca",40,BDV TRANDING MALLORCA SL,B57677262
RC/147,AUTOMOVILES VIÑAS,SON SERVERA,"Passeig Marítim de Cala Millor, 10. 07560 Cala Millor, SON SERVERA, Mallorca",32,Joana Mª Gelabert Viñas,*********
RC/148,VIÑAS RENT A CAR,SANT LLORENÇ DES CARDASSAR,"Carrer Mestral cantonada Llebeig, -. 07560 Illot (L'), SANT LLORENÇ DES CARDASSAR, Mallorca",50,VIÑAS RENT A CAR SL,B57060071
RC/149,BIKES AND CARS PARADISE,SANT LLORENÇ DES CARDASSAR,"Avinguda Ses Savines, 3. 07560 Coma (La), SANT LLORENÇ DES CARDASSAR, Mallorca",13,Bikes & Cars Paradise SL,B57754822
RC/150,IBIZA LOW COST RENT,PALMA,"Carrer Acapulco, 4. 07610 Can Pastilla, PALMA, Mallorca",29,Ibiza Low Cost Rent SL,B57699787
RC/151,FORMULA TOURS,CALVIÀ,"Carrer Savina, 8. 07160 Peguera, CALVIÀ, Mallorca",8,Fórmula Tours SL,B16546376
RC/152,MIAN CAR AUTOS,CAPDEPERA,"Carrer Agulla, 93. 07590 Cala Rajada, CAPDEPERA, Mallorca",10,MIAN CAR AUTO SL,B57712929
RC/153,DOS MIL ONCE RENT A CAR,PALMA,"Carrer Nanses, 7 porta baixos. 07610 Can Pastilla, PALMA, Mallorca",7,Dos Mil Once Rent a Car SL,B57696379
RC/154,WORLDMOTION,ALCÚDIA,"Carretera  de Artà, 44. 07400 ALCÚDIA, Mallorca",10,WORLDMOTION SL,B57909749
RC/155,VALLS MIETWAGEN,PALMA,"Carrer Camp Franc, 51. 07199 PALMA, Mallorca",212,VALLS MIETWAGEN GROUP MALLORCA SL,B16557688
RC/156,WIBER,PALMA,"Carrer Son Malferit-C, 20. 07007 PALMA, Mallorca",400,WIBER RENT A CAR SPAIN SL,B12995866
RC/157,BEST RENT MALLORCA,PALMA,"Carretera Militar, 245. 07600 Arenal (L'), PALMA, Mallorca",4,Best 1 International SL,B57943318
RC/158,CALA MESQUIDA,CAPDEPERA,"Via Marina, s/n. 07580 Cala Mesquida, CAPDEPERA, Mallorca",15,Tramilgar Corporation SL,B57980278
RC/159,AMSL,PALMA,"Carrer Son Armadans, 25. 07014 PALMA, Mallorca",14,ADRIA MORALES SL,B07008220
RC/160,AUTOS N'ALARDEN,CAPDEPERA,"Avinguda Canyamel, 61. 07590 Cala Rajada, CAPDEPERA, Mallorca",40,AUTOS N'ALARDEN SL,B57663221
RC/161,AUTOS ALZINA/RODES A LLOURE/WHEELS 2 RENT,CAPDEPERA,"Avinguda Canyamel, 36 pis baixos local 4. 07589 Font De La Cala, CAPDEPERA, Mallorca",8,Bartolome Alzina Casellas,*********
RC/162,DE BLAS GALA,ANDRATX,"Avinguda Covas Alemany, 76 pis baixos porta 4. 07160 Camp De Mar, ANDRATX, Mallorca",10,DE BLAS GALA CB,E16564064
RC/163,CAR BEL,INCA,"Carrer Sencelles-Pol. Industrial Can Matzarí, 5. 07300 INCA, Mallorca",20,SYSTEM GEOMETRIC PROJECT SL,B57723421
RC/164,MISTER SCOOTER,PALMA,"Carrer Manacor, 123 pis baixos. 07007 PALMA, Mallorca",1,ADE ELEVATION SLU,B57654667
RC/165,AUTOS JUCAR,LLUCMAJOR,"Avinguda EUROPA, s/n. 07600 Arenal (L'), LLUCMAJOR, Mallorca",35,Autos Jucar SL,B07579048
RC/166,AMIGOAUTOS,PALMA,"Camí Son Fangos, s/n. 07610 PALMA, Mallorca",29,Alquiler Turbo Rent a Car SL,B87154654
RC/167,COLONIA ADVENTURE,SES SALINES,"Avinguda Ingeniero Gabriel Roca, 18. 07638 Colònia De Sant Jordi, SES SALINES, Mallorca",10,Antonio Vadell Urrea,*********
RC/168,RENT 4 YOU,CALVIÀ,"Avinguda Rey Jaime I, 104 local 3. 07180 Santa Ponça, CALVIÀ, Mallorca",8,MAGIC INSPIRATIONS SL,B57786030
RC/169,C&H  (COMPANY E HIJOS),ARTÀ,"Carrer Sant Pau, s/n. 07579 Colònia De Sant Pere, ARTÀ, Mallorca",42,Company e Hijos SA,A07210271
RC/170,AYG DRIVER RENT A CAR,SON SERVERA,"Carrer Bonanza,, 4 pis baixos. 07560 Cala Millor, SON SERVERA, Mallorca",40,AYG DRIVER RENT A CAR SL,B57895609
RC/171,CARAVANING MALLORCA,CAMPANET,"Carrer Coster de Son Puça, 7. 07310 CAMPANET, Mallorca",1,Catalina Reynes Mas,*********
RC/172,EGIDIO FORTUNATI,PALMA,"Carrer Cardenal Rosell, 135 pis baixos. 07007 PALMA, Mallorca",15,Fly Boats Services SL,B57731606
RC/173,SPRINT RENTAL SPAIN,SANTANYÍ,"Carrer Perico Pomar, 5. 07660 Cala D'Or, SANTANYÍ, Mallorca",50,Sprint Rental Spain SL,B57938664
RC/174,LUXCARS MALLORCA,ALCÚDIA,"Carretera Artà, 48. 07400 Port D'Alcúdia, ALCÚDIA, Mallorca",80,VANRELL LUXURY CARS SLU,B16601379
RC/175,DAMALU CAMPER VAMS,PALMA,"Carrer Viver, 3 pis baixos. 07006 PALMA, Mallorca",2,Silvia Covelli,*********
RC/176,Jose Mª Susacasa Candreva,PALMA,"Carrer Jesus, 34 lletra C. 07010 PALMA, Mallorca",1,JOSÉ MARIA SUSACASA CANDREVA,*********
RC/177,ROBERT STANEK,BÚGER,"Carrer POL. 4, PAR.110, S/N. 07311 BÚGER, Mallorca",1,ROBERT STANEK,*********
RC/178,MALLORCA BAY CARS,PALMA,"Carrer SON TROPELL, 22. 07199 Sant Jordi, PALMA, Mallorca",15,María Ángeles Frau Simón,*********
RC/179,AUTOBOX,CALVIÀ,"Carrer MAR MEDITERRÀNIA, 8. 07184 Galatzó, CALVIÀ, Mallorca",4,CARLOS ORDÓÑEZ BARBOSA,*********
RC/180,ISLEÑA DE MOTORES,PALMA,"Travessera GRAN VIA ASIMA, 30. 07009 Polígon Industrial De Son Castelló, PALMA, Mallorca",20,ISLEÑA DE MOTORES SL,B57141616
RC/181,ALFA RENT MALLORCA,PALMA,"Carrer ANTONI VILLALONGA, 2 pis 1º. 07011 PALMA, Mallorca",2,Margarita Shapran,*********
RC/182,MUVON,PALMA,"Carrer SOL, 28 pis 3º porta B. 07001 PALMA, Mallorca",1,NOVA MOBILITAT COMPARTIDA SLNE,B16576613
RC/183,MOBELCARS,ARTÀ,"Carrer DEL 31 DE MARÇ, 24. 07570 ARTÀ, Mallorca",5,MOYA BELTRAN SL,B16553828
RC/184,M&S PREMIUM CARS,PALMA,"Carrer VICENÇ JUAN ROSSELLÓ, 19 lletra A. 07013 PALMA, Mallorca",4,M&S VEHICULOS PREMIUM INTERNACIONAL SL,B16565640
RC/185,Experience Point Mallorca,PALMA,"Carrer Cartago, 70. 07600 Arenal (L'), PALMA, Mallorca",25,LUCIANO MATIAS OTAROLA SCHANDELER,*********
RC/186,IGV MOTORS,MARRATXÍ,"SIURELLS, 10 lletra A. -, -",5,IGV MOTORS FINANCE SLU,B16632523
RC/187,IBAN LECUMBERRI DIEZ,PALMA,"LLEDONER, 26 pis 2º porta B. -, PALMA",1,Iban Lecumberri Díez,*********
RC/188,FERNANDO ARIAS PEREZ,PALMA,"SON CANAVES, 28 pis BXS.. -, PALMA",1,FERNANDO  ARIAS PEREZ,*********
RC/189,MALLORCA CAR HIRE COMPANY,PALMA,LA RAMBLA 13-1º PALMA 07003,1,MCH AUTO&MORE SL,B16641045
RC/190,TOP AUTOBALEAR SL,PALMA,ASIVAL 20 BJS PALMA 07011,20,MARGARITA MULET LLABRES (50%) ISABEL MARIA COMPANY PIERAS,********* *********
